Domain,Type of Content,# times used,Avg. # of Comments in post that used it,Avg. Rank of post that used it,Avg. Score of post that used it
imgur.com,image,611,319.2,54.0,2647.26
500px.org,image,4,74.0,52.0,2728.75
deviantart.net,image,3,53.3,39.0,1078.67
futurism.co,image,3,113.7,36.3,1596.67
fineartamerica.com,image,2,21.5,50.5,632.5
staticflickr.com,image,2,24.5,80.0,740.0
sutura.io,image,2,36.0,44.5,666.0
wp.com,image,2,151.5,20.5,3074.0
4cdn.org,image,1,1221.0,3.0,3370.0
battelle.org,image,1,53.0,80.0,1075.0
edgecastcdn.net,image,1,17.0,61.0,755.0
huffpost.com,image,1,44.0,60.0,217.0
myabandonware.com,image,1,178.0,94.0,1414.0
nasa.gov,image,1,596.0,28.0,3834.0
sphinx.com,image,1,21.0,32.0,237.0
travelphotoadventures.com,image,1,9.0,96.0,461.0
tumblr.com,image,1,18.0,61.0,1339.0
twimg.com,image,1,40.0,99.0,1984.0
ytimg.com,image,1,275.0,61.0,2593.0
zcache.com,image,1,186.0,85.0,2786.0
theguardian.com,webpage,19,542.6,48.6,1884.84
co.uk,webpage,17,548.9,44.4,1896.76
wikipedia.org,webpage,15,217.4,55.2,2166.33
washingtonpost.com,webpage,8,580.0,54.6,1311.38
bbc.com,webpage,4,1045.8,58.3,2462.5
cnn.com,webpage,4,449.8,83.8,1960.0
esa.int,webpage,4,497.8,31.5,2735.0
forbes.com,webpage,4,496.0,24.5,2200.25
info.com,webpage,4,115.0,42.5,528.25
nationalpost.com,webpage,4,661.3,70.5,2788.5
nytimes.com,webpage,4,192.8,48.8,634.5
wsj.com,webpage,4,812.5,29.8,3244.5
artbooom.com,webpage,3,139.0,30.0,1801.0
cbc.ca,webpage,3,448.7,71.3,1489.67
eunter.net,webpage,3,61.7,38.3,840.67
latimes.com,webpage,3,242.3,69.3,2874.33
redditblog.com,webpage,3,927.7,19.7,2846.67
reuters.com,webpage,3,774.0,63.0,2629.67
sciencedaily.com,webpage,3,283.7,65.3,2711.67
soundcloud.com,webpage,3,30.3,56.0,144.67
twitter.com,webpage,3,489.0,20.7,3141.33
vice.com,webpage,3,82.7,83.0,431.67
yle.fi,webpage,3,536.3,44.0,1683.67
ac.uk,webpage,2,558.0,59.5,2359.0
archive.org,webpage,2,155.5,54.5,1606.5
bgr.com,webpage,2,39.0,40.5,189.5
bloomberg.com,webpage,2,509.0,9.0,2279.0
com.au,webpage,2,158.0,28.0,1489.5
com.lb,webpage,2,658.5,40.0,4330.0
consequenceofsound.net,webpage,2,477.0,29.5,1741.5
csmonitor.com,webpage,2,1050.5,3.0,3882.5
ctvnews.ca,webpage,2,307.5,14.0,2457.0
deadline.com,webpage,2,112.5,70.5,421.5
drugrehab.org,webpage,2,118.5,49.0,404.0
dude.net,webpage,2,144.0,35.5,1611.5
engadget.com,webpage,2,565.0,41.0,2465.5
geeksofdoom.com,webpage,2,775.5,81.5,3447.0
globalnews.ca,webpage,2,260.5,30.0,1777.5
go.com,webpage,2,1669.0,97.5,2678.5
google.com,webpage,2,537.5,63.0,2067.5
homelandsecuritynewswire.com,webpage,2,1782.5,61.5,4156.0
independent.ie,webpage,2,279.0,56.5,1604.5
lander.edu,webpage,2,495.5,49.5,211.5
mashable.com,webpage,2,339.0,38.0,1467.0
net.au,webpage,2,600.5,38.0,4256.5
newairplane.com,webpage,2,95.5,43.5,435.5
newscientist.com,webpage,2,377.5,21.0,2256.5
nih.gov,webpage,2,821.5,11.5,4415.0
npr.org,webpage,2,1755.0,47.0,3533.5
origins.net,webpage,2,71.5,44.0,601.5
randalolson.com,webpage,2,410.0,45.0,721.5
rawstory.com,webpage,2,443.5,16.5,2532.0
seattletimes.com,webpage,2,185.5,18.5,2288.5
siberiantimes.com,webpage,2,26.5,96.5,288.5
smithsonianmag.com,webpage,2,44.5,54.0,637.0
tabforacause.org,webpage,2,8.0,66.0,52.5
theatlantic.com,webpage,2,12.5,43.0,195.0
thefreethoughtproject.com,webpage,2,224.5,28.5,1671.0
theunbiasedreview.com,webpage,2,195.5,30.5,3409.5
theverge.com,webpage,2,237.0,36.5,704.5
twentytwowords.com,webpage,2,306.0,24.5,2576.5
weburbanist.com,webpage,2,127.0,31.0,839.5
yahoo.com,webpage,2,693.0,61.0,3288.0
011001110110111101101111011001110110110001100101.com,webpage,1,6.0,45.0,57.0
1079ishot.com,webpage,1,52.0,96.0,678.0
abc7.com,webpage,1,69.0,40.0,472.0
about.com,webpage,1,413.0,5.0,3710.0
americanradiohistory.com,webpage,1,40.0,34.0,697.0
arstechnica.com,webpage,1,559.0,29.0,3141.0
audiocheck.net,webpage,1,201.0,42.0,947.0
bandcamp.com,webpage,1,1.0,98.0,25.0
bcove.me,webpage,1,221.0,57.0,1405.0
billboard.com,webpage,1,564.0,60.0,3107.0
buffalonews.com,webpage,1,921.0,13.0,3762.0
catholicnewsagency.com,webpage,1,55.0,82.0,634.0
channel3000.com,webpage,1,1557.0,38.0,2772.0
channel4.com,webpage,1,208.0,40.0,281.0
chartsbin.com,webpage,1,64.0,86.0,137.0
chicagodefender.com,webpage,1,2636.0,76.0,3629.0
chickdickratio.com,webpage,1,18.0,59.0,76.0
citylab.com,webpage,1,102.0,34.0,450.0
clickorlando.com,webpage,1,1039.0,94.0,1860.0
cnbc.com,webpage,1,971.0,15.0,3614.0
com.cn,webpage,1,411.0,14.0,4124.0
csicop.org,webpage,1,87.0,48.0,110.0
cyoa.com,webpage,1,130.0,7.0,1885.0
dadaviz.com,webpage,1,144.0,32.0,488.0
dailydot.com,webpage,1,338.0,93.0,4151.0
dailykos.com,webpage,1,311.0,15.0,1921.0
dailynewsnow.com,webpage,1,507.0,88.0,1479.0
dashradio.com,webpage,1,23.0,62.0,232.0
deccanherald.com,webpage,1,319.0,16.0,1469.0
decider.com,webpage,1,1390.0,51.0,3753.0
deviantart.com,webpage,1,22.0,25.0,1701.0
digitaltrends.com,webpage,1,1650.0,11.0,3964.0
digitalwack.com,webpage,1,97.0,37.0,925.0
directionsmag.com,webpage,1,170.0,8.0,2304.0
dnainfo.com,webpage,1,74.0,38.0,692.0
epictetan.org,webpage,1,76.0,45.0,274.0
ew.com,webpage,1,51.0,29.0,433.0
f9mag.com,webpage,1,124.0,35.0,1321.0
fastcoexist.com,webpage,1,72.0,80.0,375.0
firedoglake.com,webpage,1,987.0,18.0,3462.0
flatuicolors.com,webpage,1,27.0,38.0,149.0
forrent.com,webpage,1,102.0,37.0,698.0
fox2now.com,webpage,1,257.0,68.0,2447.0
fox4kc.com,webpage,1,376.0,10.0,2391.0
foxnews.com,webpage,1,2602.0,34.0,2973.0
github.io,webpage,1,59.0,41.0,742.0
goodreads.com,webpage,1,122.0,65.0,1090.0
halcyonmaps.com,webpage,1,434.0,42.0,726.0
huffingtonpost.ca,webpage,1,289.0,25.0,1517.0
hurriyetdailynews.com,webpage,1,3.0,62.0,66.0
hwdailyhub.com,webpage,1,359.0,40.0,1571.0
ibtimes.com,webpage,1,2046.0,65.0,4683.0
imdb.com,webpage,1,707.0,4.0,4358.0
imgflip.com,webpage,1,83.0,72.0,3132.0
inc.com,webpage,1,79.0,57.0,1092.0
inquisitr.com,webpage,1,489.0,20.0,3415.0
inspiremore.com,webpage,1,183.0,34.0,1747.0
instagram.com,webpage,1,23.0,35.0,319.0
iraqinews.com,webpage,1,985.0,15.0,4302.0
itch.io,webpage,1,21.0,46.0,112.0
jasoncolavito.com,webpage,1,81.0,43.0,365.0
jrn.com,webpage,1,399.0,49.0,1244.0
junkee.com,webpage,1,872.0,20.0,1841.0
kdvr.com,webpage,1,257.0,64.0,1786.0
kitguru.net,webpage,1,76.0,41.0,610.0
krmg.com,webpage,1,598.0,19.0,2264.0
kuleuven.be,webpage,1,145.0,93.0,1682.0
kxan.com,webpage,1,98.0,59.0,2049.0
lairdresearch.com,webpage,1,16.0,67.0,69.0
lastwordonnothing.com,webpage,1,28.0,99.0,315.0
lgbtqnation.com,webpage,1,67.0,70.0,214.0
livescience.com,webpage,1,6.0,84.0,195.0
mixcloud.com,webpage,1,121.0,28.0,1227.0
mlive.com,webpage,1,1312.0,56.0,3663.0
mo.gov,webpage,1,4711.0,7.0,4182.0
mrtimes.com,webpage,1,100.0,29.0,1414.0
msn.com,webpage,1,1983.0,16.0,3327.0
mysliderule.com,webpage,1,76.0,37.0,1476.0
n4gm.com,webpage,1,30.0,22.0,728.0
nationaljournal.com,webpage,1,6.0,82.0,50.0
navalhistorypodcast.com,webpage,1,1.0,89.0,31.0
nbcbayarea.com,webpage,1,87.0,94.0,598.0
nbcnews.com,webpage,1,178.0,20.0,1197.0
nber.org,webpage,1,43.0,58.0,783.0
newrepublic.com,webpage,1,1283.0,26.0,1720.0
news.de,webpage,1,512.0,56.0,1987.0
nj.com,webpage,1,168.0,12.0,1739.0
now.com,webpage,1,415.0,45.0,593.0
openculture.com,webpage,1,35.0,87.0,547.0
pansypanda.com,webpage,1,45.0,75.0,152.0
partiallyexaminedlife.com,webpage,1,6.0,82.0,54.0
patheos.com,webpage,1,546.0,7.0,2325.0
playertheory.com,webpage,1,778.0,26.0,1790.0
policestateusa.com,webpage,1,738.0,71.0,3388.0
poorrichardsnews.com,webpage,1,342.0,92.0,1155.0
porktrack.com,webpage,1,218.0,38.0,546.0
premiumtimesng.com,webpage,1,460.0,9.0,3552.0
presstv.ir,webpage,1,333.0,22.0,955.0
psychologicalscience.org,webpage,1,206.0,78.0,1873.0
purolatorinternational.com,webpage,1,668.0,2.0,3147.0
radioopensource.org,webpage,1,21.0,48.0,74.0
rcharts.io,webpage,1,110.0,38.0,418.0
reallyhugeurl.com,webpage,1,541.0,12.0,3673.0
reason.com,webpage,1,475.0,16.0,3298.0
reviewjournal.com,webpage,1,157.0,91.0,770.0
revolva.net,webpage,1,59.0,40.0,231.0
rollingstone.com,webpage,1,1598.0,6.0,4624.0
salon.com,webpage,1,36.0,94.0,347.0
science.com,webpage,1,755.0,21.0,2971.0
scientificamerican.com,webpage,1,233.0,36.0,600.0
sfsignal.com,webpage,1,51.0,36.0,647.0
simplywall.st,webpage,1,219.0,59.0,1409.0
slashfilm.com,webpage,1,220.0,18.0,1119.0
slate.com,webpage,1,1575.0,1.0,4674.0
softpedia.com,webpage,1,282.0,15.0,3095.0
space.com,webpage,1,7.0,86.0,86.0
spotify.com,webpage,1,4.0,59.0,25.0
spotifyartists.com,webpage,1,87.0,84.0,240.0
spygoodies.com,webpage,1,629.0,45.0,706.0
stltoday.com,webpage,1,366.0,18.0,2019.0
taimur.org,webpage,1,40.0,67.0,142.0
techspot.com,webpage,1,173.0,35.0,821.0
ted.com,webpage,1,18.0,46.0,147.0
telecompaper.com,webpage,1,1200.0,98.0,4560.0
terrybisson.com,webpage,1,531.0,34.0,3184.0
theconversation.com,webpage,1,1132.0,28.0,3310.0
thedailybeast.com,webpage,1,2437.0,92.0,2794.0
thedissolve.com,webpage,1,423.0,15.0,2916.0
thefreedictionary.com,webpage,1,429.0,90.0,3076.0
thelocal.de,webpage,1,56.0,62.0,1534.0
thenest.com,webpage,1,496.0,75.0,2144.0
thepotomacpost.com,webpage,1,2.0,48.0,53.0
thescienceworld.com,webpage,1,188.0,93.0,2407.0
thespec.com,webpage,1,46.0,29.0,723.0
theweek.com,webpage,1,974.0,27.0,2862.0
thinksteroids.com,webpage,1,46.0,50.0,1599.0
thoughtmaybe.com,webpage,1,43.0,47.0,439.0
tldrlegal.com,webpage,1,4.0,87.0,115.0
today.com,webpage,1,57.0,39.0,544.0
todayifoundout.com,webpage,1,141.0,82.0,2049.0
tranqila.com,webpage,1,136.0,75.0,392.0
tv2.no,webpage,1,281.0,78.0,2668.0
twinbeard.com,webpage,1,8.0,49.0,60.0
unmotivating.com,webpage,1,11.0,62.0,42.0
upi.com,webpage,1,26.0,89.0,234.0
usvsth3m.com,webpage,1,243.0,34.0,1539.0
vine.co,webpage,1,495.0,30.0,1924.0
vox.com,webpage,1,43.0,71.0,310.0
vulture.com,webpage,1,559.0,31.0,2609.0
whatdoestheinternetthink.net,webpage,1,7.0,74.0,7.0
whizzpast.com,webpage,1,339.0,27.0,1928.0
wiki2.org,webpage,1,907.0,49.0,4357.0
winnipegfreepress.com,webpage,1,122.0,7.0,2052.0
wired.com,webpage,1,190.0,5.0,2223.0
wltx.com,webpage,1,273.0,52.0,2202.0
wolfspelz.de,webpage,1,118.0,14.0,780.0
wordpress.com,webpage,1,527.0,9.0,3261.0
yadayadayadaecon.com,webpage,1,125.0,41.0,3223.0
ynetnews.com,webpage,1,964.0,86.0,3902.0
self.AskReddit,reddit post,33,4621.3,50.5,2178.94
self.explainlikeimfive,reddit post,30,563.1,47.8,1310.97
self.nosleep,reddit post,27,37.7,61.6,232.26
self.Showerthoughts,reddit post,23,493.7,36.0,2697.57
self.WritingPrompts,reddit post,23,87.8,50.7,484.13
self.Fitness,reddit post,21,271.4,47.6,646.71
self.Jokes,reddit post,21,162.3,38.2,1892.14
self.tifu,reddit post,20,447.9,41.3,1586.0
self.personalfinance,reddit post,19,427.7,45.3,550.68
self.IAmA,reddit post,17,1915.9,23.8,3383.76
self.LifeProTips,reddit post,17,399.3,32.0,2091.76
self.askscience,reddit post,15,345.8,32.4,1771.2
self.TwoXChromosomes,reddit post,13,366.5,50.9,894.15
self.Music,reddit post,7,961.9,57.7,1425.86
self.books,reddit post,6,269.7,49.0,1021.83
self.philosophy,reddit post,5,97.6,48.8,140.2
self.science,reddit post,4,879.5,41.5,2940.0
self.history,reddit post,3,30.0,76.0,315.33
self.television,reddit post,3,366.3,42.0,1197.67
reddit.com,reddit post,2,109.0,33.5,1877.5
self.sports,reddit post,2,705.0,57.0,750.5
self.GetMotivated,reddit post,1,38.0,58.0,358.0
self.creepy,reddit post,1,240.0,33.0,377.0
self.listentothis,reddit post,1,75.0,43.0,288.0
youtube.com,video,109,530.6,55.1,1437.54
youtu.be,video,20,523.1,58.2,1729.2
gfycat.com,video,6,371.8,31.5,3206.67
liveleak.com,video,4,389.5,55.8,2368.75
vimeo.com,video,3,10.0,57.0,93.0
cdn.com,video,2,118.0,52.0,1106.0
bigthink.com,video,1,7.0,76.0,140.0
controversialtimes.com,video,1,916.0,13.0,3853.0
googleusercontent.com,video,1,474.0,62.0,3936.0
img.com,video,1,32.0,61.0,809.0
khou.com,video,1,428.0,6.0,2663.0
livestream.com,video,1,100.0,64.0,479.0
pbs.org,video,1,6.0,44.0,62.0
roadandtrack.com,video,1,49.0,89.0,165.0
streamnowtv.com,video,1,8.0,44.0,153.0
